<KicadtoNgspice><source><v1 name="Source type">dc<field1 name="Value">5</field1></v1></source><model><u3 name="type">d_buffer<field1 name="Enter Rise Delay (default=1.0e-9)" /><field2 name="Enter Fall Delay (default=1.0e-9)" /><field3 name="Enter Input Load (default=1.0e-12)" /></u3><u9 name="type">d_buffer<field4 name="Enter Rise Delay (default=1.0e-9)" /><field5 name="Enter Fall Delay (default=1.0e-9)" /><field6 name="Enter Input Load (default=1.0e-12)" /></u9><u5 name="type">d_inverter<field7 name="Enter Rise Delay (default=1.0e-9)" /><field8 name="Enter Fall Delay (default=1.0e-9)" /><field9 name="Enter Input Load (default=1.0e-12)" /></u5><u6 name="type">d_inverter<field10 name="Enter Rise Delay (default=1.0e-9)" /><field11 name="Enter Fall Delay (default=1.0e-9)" /><field12 name="Enter Input Load (default=1.0e-12)" /></u6><u2 name="type">adc_bridge<field13 name="Enter value for in_low (default=1.0)" /><field14 name="Enter value for in_high (default=2.0)" /><field15 name="Enter Rise Delay (default=1.0e-9)" /><field16 name="Enter Fall Delay (default=1.0e-9)" /></u2><u14 name="type">dac_bridge<field17 name="Enter value for out_low (default=0.0)" /><field18 name="Enter value for out_high (default=5.0)" /><field19 name="Enter value for out_undef (default=0.5)" /><field20 name="Enter value for input load (default=1.0e-12)" /><field21 name="Enter the Rise Time (default=1.0e-9)" /><field22 name="Enter the Fall Time (default=1.0e-9)" /></u14><u8 name="type">d_buffer<field23 name="Enter Rise Delay (default=1.0e-9)" /><field24 name="Enter Fall Delay (default=1.0e-9)" /><field25 name="Enter Input Load (default=1.0e-12)" /></u8><u17 name="type">d_buffer<field26 name="Enter Rise Delay (default=1.0e-9)" /><field27 name="Enter Fall Delay (default=1.0e-9)" /><field28 name="Enter Input Load (default=1.0e-12)" /></u17><u10 name="type">d_inverter<field29 name="Enter Rise Delay (default=1.0e-9)" /><field30 name="Enter Fall Delay (default=1.0e-9)" /><field31 name="Enter Input Load (default=1.0e-12)" /></u10><u12 name="type">d_inverter<field32 name="Enter Rise Delay (default=1.0e-9)" /><field33 name="Enter Fall Delay (default=1.0e-9)" /><field34 name="Enter Input Load (default=1.0e-12)" /></u12><u4 name="type">adc_bridge<field35 name="Enter value for in_low (default=1.0)" /><field36 name="Enter value for in_high (default=2.0)" /><field37 name="Enter Rise Delay (default=1.0e-9)" /><field38 name="Enter Fall Delay (default=1.0e-9)" /></u4><u20 name="type">dac_bridge<field39 name="Enter value for out_low (default=0.0)" /><field40 name="Enter value for out_high (default=5.0)" /><field41 name="Enter value for out_undef (default=0.5)" /><field42 name="Enter value for input load (default=1.0e-12)" /><field43 name="Enter the Rise Time (default=1.0e-9)" /><field44 name="Enter the Fall Time (default=1.0e-9)" /></u20><u11 name="type">d_buffer<field45 name="Enter Rise Delay (default=1.0e-9)" /><field46 name="Enter Fall Delay (default=1.0e-9)" /><field47 name="Enter Input Load (default=1.0e-12)" /></u11><u19 name="type">d_buffer<field48 name="Enter Rise Delay (default=1.0e-9)" /><field49 name="Enter Fall Delay (default=1.0e-9)" /><field50 name="Enter Input Load (default=1.0e-12)" /></u19><u15 name="type">d_inverter<field51 name="Enter Rise Delay (default=1.0e-9)" /><field52 name="Enter Fall Delay (default=1.0e-9)" /><field53 name="Enter Input Load (default=1.0e-12)" /></u15><u16 name="type">d_inverter<field54 name="Enter Rise Delay (default=1.0e-9)" /><field55 name="Enter Fall Delay (default=1.0e-9)" /><field56 name="Enter Input Load (default=1.0e-12)" /></u16><u7 name="type">adc_bridge<field57 name="Enter value for in_low (default=1.0)" /><field58 name="Enter value for in_high (default=2.0)" /><field59 name="Enter Rise Delay (default=1.0e-9)" /><field60 name="Enter Fall Delay (default=1.0e-9)" /></u7><u23 name="type">dac_bridge<field61 name="Enter value for out_low (default=0.0)" /><field62 name="Enter value for out_high (default=5.0)" /><field63 name="Enter value for out_undef (default=0.5)" /><field64 name="Enter value for input load (default=1.0e-12)" /><field65 name="Enter the Rise Time (default=1.0e-9)" /><field66 name="Enter the Fall Time (default=1.0e-9)" /></u23><u18 name="type">d_buffer<field67 name="Enter Rise Delay (default=1.0e-9)" /><field68 name="Enter Fall Delay (default=1.0e-9)" /><field69 name="Enter Input Load (default=1.0e-12)" /></u18><u25 name="type">d_buffer<field70 name="Enter Rise Delay (default=1.0e-9)" /><field71 name="Enter Fall Delay (default=1.0e-9)" /><field72 name="Enter Input Load (default=1.0e-12)" /></u25><u21 name="type">d_inverter<field73 name="Enter Rise Delay (default=1.0e-9)" /><field74 name="Enter Fall Delay (default=1.0e-9)" /><field75 name="Enter Input Load (default=1.0e-12)" /></u21><u22 name="type">d_inverter<field76 name="Enter Rise Delay (default=1.0e-9)" /><field77 name="Enter Fall Delay (default=1.0e-9)" /><field78 name="Enter Input Load (default=1.0e-12)" /></u22><u13 name="type">adc_bridge<field79 name="Enter value for in_low (default=1.0)" /><field80 name="Enter value for in_high (default=2.0)" /><field81 name="Enter Rise Delay (default=1.0e-9)" /><field82 name="Enter Fall Delay (default=1.0e-9)" /></u13><u27 name="type">dac_bridge<field83 name="Enter value for out_low (default=0.0)" /><field84 name="Enter value for out_high (default=5.0)" /><field85 name="Enter value for out_undef (default=0.5)" /><field86 name="Enter value for input load (default=1.0e-12)" /><field87 name="Enter the Rise Time (default=1.0e-9)" /><field88 name="Enter the Fall Time (default=1.0e-9)" /></u27><u26 name="type">d_buffer<field89 name="Enter Rise Delay (default=1.0e-9)" /><field90 name="Enter Fall Delay (default=1.0e-9)" /><field91 name="Enter Input Load (default=1.0e-12)" /></u26><u32 name="type">d_buffer<field92 name="Enter Rise Delay (default=1.0e-9)" /><field93 name="Enter Fall Delay (default=1.0e-9)" /><field94 name="Enter Input Load (default=1.0e-12)" /></u32><u29 name="type">d_inverter<field95 name="Enter Rise Delay (default=1.0e-9)" /><field96 name="Enter Fall Delay (default=1.0e-9)" /><field97 name="Enter Input Load (default=1.0e-12)" /></u29><u30 name="type">d_inverter<field98 name="Enter Rise Delay (default=1.0e-9)" /><field99 name="Enter Fall Delay (default=1.0e-9)" /><field100 name="Enter Input Load (default=1.0e-12)" /></u30><u24 name="type">adc_bridge<field101 name="Enter value for in_low (default=1.0)" /><field102 name="Enter value for in_high (default=2.0)" /><field103 name="Enter Rise Delay (default=1.0e-9)" /><field104 name="Enter Fall Delay (default=1.0e-9)" /></u24><u35 name="type">dac_bridge<field105 name="Enter value for out_low (default=0.0)" /><field106 name="Enter value for out_high (default=5.0)" /><field107 name="Enter value for out_undef (default=0.5)" /><field108 name="Enter value for input load (default=1.0e-12)" /><field109 name="Enter the Rise Time (default=1.0e-9)" /><field110 name="Enter the Fall Time (default=1.0e-9)" /></u35><u31 name="type">d_buffer<field111 name="Enter Rise Delay (default=1.0e-9)" /><field112 name="Enter Fall Delay (default=1.0e-9)" /><field113 name="Enter Input Load (default=1.0e-12)" /></u31><u36 name="type">d_buffer<field114 name="Enter Rise Delay (default=1.0e-9)" /><field115 name="Enter Fall Delay (default=1.0e-9)" /><field116 name="Enter Input Load (default=1.0e-12)" /></u36><u33 name="type">d_inverter<field117 name="Enter Rise Delay (default=1.0e-9)" /><field118 name="Enter Fall Delay (default=1.0e-9)" /><field119 name="Enter Input Load (default=1.0e-12)" /></u33><u34 name="type">d_inverter<field120 name="Enter Rise Delay (default=1.0e-9)" /><field121 name="Enter Fall Delay (default=1.0e-9)" /><field122 name="Enter Input Load (default=1.0e-12)" /></u34><u28 name="type">adc_bridge<field123 name="Enter value for in_low (default=1.0)" /><field124 name="Enter value for in_high (default=2.0)" /><field125 name="Enter Rise Delay (default=1.0e-9)" /><field126 name="Enter Fall Delay (default=1.0e-9)" /></u28><u37 name="type">dac_bridge<field127 name="Enter value for out_low (default=0.0)" /><field128 name="Enter value for out_high (default=5.0)" /><field129 name="Enter value for out_undef (default=0.5)" /><field130 name="Enter value for input load (default=1.0e-12)" /><field131 name="Enter the Rise Time (default=1.0e-9)" /><field132 name="Enter the Fall Time (default=1.0e-9)" /></u37></model><devicemodel /><subcircuit /><analysis><ac><field1 name="Lin">true</field1><field2 name="Dec">false</field2><field3 name="Oct">false</field3><field4 name="Start Frequency" /><field5 name="Stop Frequency" /><field6 name="No. of points" /><field7 name="Start Fre Combo">Hz</field7><field8 name="Stop Fre Combo">Hz</field8></ac><dc><field1 name="Source 1" /><field2 name="Start" /><field3 name="Increment" /><field4 name="Stop" /><field5 name="Operating Point">0</field5><field6 name="Start Combo">Volts or Amperes</field6><field7 name="Increment Combo">Volts or Amperes</field7><field8 name="Stop Combo">Volts or Amperes</field8><field9 name="Source 2" /><field10 name="Start" /><field11 name="Increment" /><field12 name="Stop" /><field13 name="Start Combo">Volts or Amperes</field13><field14 name="Increment Combo">Volts or Amperes</field14><field15 name="Stop Combo">Volts or Amperes</field15></dc><tran><field1 name="Start Time" /><field2 name="Step Time" /><field3 name="Stop Time" /><field4 name="Start Combo">sec</field4><field5 name="Step Combo">sec</field5><field6 name="Stop Combo">sec</field6></tran></analysis></KicadtoNgspice>