<KicadtoNgspice><analysis><ac><field1 name="Lin">true</field1><field2 name="Dec">false</field2><field3 name="Oct">false</field3><field4 name="Start Frequency" /><field5 name="Stop Frequency" /><field6 name="No. of points" /><field7 name="Start Fre Combo">Hz</field7><field8 name="Stop Fre Combo">Hz</field8></ac><dc><field1 name="Source 1" /><field2 name="Start" /><field3 name="Increment" /><field4 name="Stop" /><field5 name="Operating Point">0</field5><field6 name="Start Combo">Volts or Amperes</field6><field7 name="Increment Combo">Volts or Amperes</field7><field8 name="Stop Combo">Volts or Amperes</field8><field9 name="Source 2" /><field10 name="Start" /><field11 name="Increment" /><field12 name="Stop" /><field13 name="Start Combo">Volts or Amperes</field13><field14 name="Increment Combo">Volts or Amperes</field14><field15 name="Stop Combo">Volts or Amperes</field15></dc><tran><field1 name="Start Time" /><field2 name="Step Time" /><field3 name="Stop Time" /><field4 name="Start Combo">sec</field4><field5 name="Step Combo">sec</field5><field6 name="Stop Combo">sec</field6></tran></analysis><source /><model /><devicemodel><q1><field>C:\FOSSEE\eSim\library\deviceModelLibrary\Transistor\BC547B.lib</field></q1><d1><field>C:\FOSSEE\eSim\library\deviceModelLibrary\Diode\ZenerD1N750.lib</field></d1><q8><field>C:\FOSSEE\eSim\library\deviceModelLibrary\Transistor\PNP.lib</field></q8><q12><field>C:\FOSSEE\eSim\library\deviceModelLibrary\Transistor\PNP.lib</field></q12><q2><field>C:\FOSSEE\eSim\library\deviceModelLibrary\Transistor\BC547B.lib</field></q2><q10><field>C:\FOSSEE\eSim\library\deviceModelLibrary\Transistor\BC547B.lib</field></q10><q3><field>C:\FOSSEE\eSim\library\deviceModelLibrary\Transistor\BC547B.lib</field></q3><q7><field>C:\FOSSEE\eSim\library\deviceModelLibrary\Transistor\BC547B.lib</field></q7><q4><field>C:\FOSSEE\eSim\library\deviceModelLibrary\Transistor\BC547B.lib</field></q4><q6><field>C:\FOSSEE\eSim\library\deviceModelLibrary\Transistor\BC547B.lib</field></q6><q5><field>C:\FOSSEE\eSim\library\deviceModelLibrary\Transistor\BC547B.lib</field></q5><q9><field>C:\FOSSEE\eSim\library\deviceModelLibrary\Transistor\BC547B.lib</field></q9><q11><field>C:\FOSSEE\eSim\library\deviceModelLibrary\Transistor\BC547B.lib</field></q11><q14><field>C:\FOSSEE\eSim\library\deviceModelLibrary\Transistor\PNP.lib</field></q14><q13><field>C:\FOSSEE\eSim\library\deviceModelLibrary\Transistor\BC547B.lib</field></q13><q16><field>C:\FOSSEE\eSim\library\deviceModelLibrary\Transistor\BC547B.lib</field></q16><q17><field>C:\FOSSEE\eSim\library\deviceModelLibrary\Transistor\BC547B.lib</field></q17><d2><field>C:\FOSSEE\eSim\library\deviceModelLibrary\Diode\ZenerD1N750.lib</field></d2><q15><field>C:\FOSSEE\eSim\library\deviceModelLibrary\Transistor\BC547B.lib</field></q15></devicemodel><subcircuit /></KicadtoNgspice>