<KicadtoNgspice><source /><model><u13 name="type">d_dff<field1 name="Enter Clk Delay (default=1.0e-9)" /><field2 name="Enter Set Delay (default=1.0e-9)" /><field3 name="Enter Reset Delay (default=1.0)" /><field4 name="Enter IC (default=0)" /><field5 name="Enter value for Data Load (default=1.0e-12)" /><field6 name="Enter value for Clk Load (default=1.0e-12)" /><field7 name="Enter value for Set Load (default=1.0e-12)" /><field8 name="Enter value for Reset Load (default=1.0e-12)" /><field9 name="Enter Rise Delay (default=1.0e-9)" /><field10 name="Enter Fall Delay (default=1.0e-9)" /></u13><u22 name="type">d_dff<field11 name="Enter Clk Delay (default=1.0e-9)" /><field12 name="Enter Set Delay (default=1.0e-9)" /><field13 name="Enter Reset Delay (default=1.0)" /><field14 name="Enter IC (default=0)" /><field15 name="Enter value for Data Load (default=1.0e-12)" /><field16 name="Enter value for Clk Load (default=1.0e-12)" /><field17 name="Enter value for Set Load (default=1.0e-12)" /><field18 name="Enter value for Reset Load (default=1.0e-12)" /><field19 name="Enter Rise Delay (default=1.0e-9)" /><field20 name="Enter Fall Delay (default=1.0e-9)" /></u22><u30 name="type">d_dff<field21 name="Enter Clk Delay (default=1.0e-9)" /><field22 name="Enter Set Delay (default=1.0e-9)" /><field23 name="Enter Reset Delay (default=1.0)" /><field24 name="Enter IC (default=0)" /><field25 name="Enter value for Data Load (default=1.0e-12)" /><field26 name="Enter value for Clk Load (default=1.0e-12)" /><field27 name="Enter value for Set Load (default=1.0e-12)" /><field28 name="Enter value for Reset Load (default=1.0e-12)" /><field29 name="Enter Rise Delay (default=1.0e-9)" /><field30 name="Enter Fall Delay (default=1.0e-9)" /></u30><u39 name="type">d_dff<field31 name="Enter Clk Delay (default=1.0e-9)" /><field32 name="Enter Set Delay (default=1.0e-9)" /><field33 name="Enter Reset Delay (default=1.0)" /><field34 name="Enter IC (default=0)" /><field35 name="Enter value for Data Load (default=1.0e-12)" /><field36 name="Enter value for Clk Load (default=1.0e-12)" /><field37 name="Enter value for Set Load (default=1.0e-12)" /><field38 name="Enter value for Reset Load (default=1.0e-12)" /><field39 name="Enter Rise Delay (default=1.0e-9)" /><field40 name="Enter Fall Delay (default=1.0e-9)" /></u39><u47 name="type">d_dff<field41 name="Enter Clk Delay (default=1.0e-9)" /><field42 name="Enter Set Delay (default=1.0e-9)" /><field43 name="Enter Reset Delay (default=1.0)" /><field44 name="Enter IC (default=0)" /><field45 name="Enter value for Data Load (default=1.0e-12)" /><field46 name="Enter value for Clk Load (default=1.0e-12)" /><field47 name="Enter value for Set Load (default=1.0e-12)" /><field48 name="Enter value for Reset Load (default=1.0e-12)" /><field49 name="Enter Rise Delay (default=1.0e-9)" /><field50 name="Enter Fall Delay (default=1.0e-9)" /></u47><u3 name="type">d_buffer<field51 name="Enter Rise Delay (default=1.0e-9)" /><field52 name="Enter Fall Delay (default=1.0e-9)" /><field53 name="Enter Input Load (default=1.0e-12)" /></u3><u6 name="type">d_inverter<field54 name="Enter Rise Delay (default=1.0e-9)" /><field55 name="Enter Fall Delay (default=1.0e-9)" /><field56 name="Enter Input Load (default=1.0e-12)" /></u6><u8 name="type">d_inverter<field57 name="Enter Rise Delay (default=1.0e-9)" /><field58 name="Enter Fall Delay (default=1.0e-9)" /><field59 name="Enter Input Load (default=1.0e-12)" /></u8><u12 name="type">d_buffer<field60 name="Enter Rise Delay (default=1.0e-9)" /><field61 name="Enter Fall Delay (default=1.0e-9)" /><field62 name="Enter Input Load (default=1.0e-12)" /></u12><u14 name="type">d_nor<field63 name="Enter Rise Delay (default=1.0e-9)" /><field64 name="Enter Fall Delay (default=1.0e-9)" /><field65 name="Enter Input Load (default=1.0e-12)" /></u14><u2 name="type">d_buffer<field66 name="Enter Rise Delay (default=1.0e-9)" /><field67 name="Enter Fall Delay (default=1.0e-9)" /><field68 name="Enter Input Load (default=1.0e-12)" /></u2><u4 name="type">d_inverter<field69 name="Enter Rise Delay (default=1.0e-9)" /><field70 name="Enter Fall Delay (default=1.0e-9)" /><field71 name="Enter Input Load (default=1.0e-12)" /></u4><u5 name="type">d_inverter<field72 name="Enter Rise Delay (default=1.0e-9)" /><field73 name="Enter Fall Delay (default=1.0e-9)" /><field74 name="Enter Input Load (default=1.0e-12)" /></u5><u7 name="type">d_buffer<field75 name="Enter Rise Delay (default=1.0e-9)" /><field76 name="Enter Fall Delay (default=1.0e-9)" /><field77 name="Enter Input Load (default=1.0e-12)" /></u7><u11 name="type">d_nand<field78 name="Enter Rise Delay (default=1.0e-9)" /><field79 name="Enter Fall Delay (default=1.0e-9)" /><field80 name="Enter Input Load (default=1.0e-12)" /></u11><u17 name="type">d_nand<field81 name="Enter Rise Delay (default=1.0e-9)" /><field82 name="Enter Fall Delay (default=1.0e-9)" /><field83 name="Enter Input Load (default=1.0e-12)" /></u17><u20 name="type">d_nand<field84 name="Enter Rise Delay (default=1.0e-9)" /><field85 name="Enter Fall Delay (default=1.0e-9)" /><field86 name="Enter Input Load (default=1.0e-12)" /></u20><u25 name="type">d_nand<field87 name="Enter Rise Delay (default=1.0e-9)" /><field88 name="Enter Fall Delay (default=1.0e-9)" /><field89 name="Enter Input Load (default=1.0e-12)" /></u25><u29 name="type">d_nand<field90 name="Enter Rise Delay (default=1.0e-9)" /><field91 name="Enter Fall Delay (default=1.0e-9)" /><field92 name="Enter Input Load (default=1.0e-12)" /></u29><u33 name="type">d_nand<field93 name="Enter Rise Delay (default=1.0e-9)" /><field94 name="Enter Fall Delay (default=1.0e-9)" /><field95 name="Enter Input Load (default=1.0e-12)" /></u33><u36 name="type">d_nand<field96 name="Enter Rise Delay (default=1.0e-9)" /><field97 name="Enter Fall Delay (default=1.0e-9)" /><field98 name="Enter Input Load (default=1.0e-12)" /></u36><u40 name="type">d_nand<field99 name="Enter Rise Delay (default=1.0e-9)" /><field100 name="Enter Fall Delay (default=1.0e-9)" /><field101 name="Enter Input Load (default=1.0e-12)" /></u40><u43 name="type">d_nand<field102 name="Enter Rise Delay (default=1.0e-9)" /><field103 name="Enter Fall Delay (default=1.0e-9)" /><field104 name="Enter Input Load (default=1.0e-12)" /></u43><u46 name="type">d_nand<field105 name="Enter Rise Delay (default=1.0e-9)" /><field106 name="Enter Fall Delay (default=1.0e-9)" /><field107 name="Enter Input Load (default=1.0e-12)" /></u46><u21 name="type">d_and<field108 name="Enter Rise Delay (default=1.0e-9)" /><field109 name="Enter Fall Delay (default=1.0e-9)" /><field110 name="Enter Input Load (default=1.0e-12)" /></u21><u26 name="type">d_nor<field111 name="Enter Rise Delay (default=1.0e-9)" /><field112 name="Enter Fall Delay (default=1.0e-9)" /><field113 name="Enter Input Load (default=1.0e-12)" /></u26><u53 name="type">d_buffer<field114 name="Enter Rise Delay (default=1.0e-9)" /><field115 name="Enter Fall Delay (default=1.0e-9)" /><field116 name="Enter Input Load (default=1.0e-12)" /></u53><u52 name="type">d_inverter<field117 name="Enter Rise Delay (default=1.0e-9)" /><field118 name="Enter Fall Delay (default=1.0e-9)" /><field119 name="Enter Input Load (default=1.0e-12)" /></u52><u51 name="type">d_inverter<field120 name="Enter Rise Delay (default=1.0e-9)" /><field121 name="Enter Fall Delay (default=1.0e-9)" /><field122 name="Enter Input Load (default=1.0e-12)" /></u51><u50 name="type">d_buffer<field123 name="Enter Rise Delay (default=1.0e-9)" /><field124 name="Enter Fall Delay (default=1.0e-9)" /><field125 name="Enter Input Load (default=1.0e-12)" /></u50><u49 name="type">d_buffer<field126 name="Enter Rise Delay (default=1.0e-9)" /><field127 name="Enter Fall Delay (default=1.0e-9)" /><field128 name="Enter Input Load (default=1.0e-12)" /></u49><u48 name="type">d_inverter<field129 name="Enter Rise Delay (default=1.0e-9)" /><field130 name="Enter Fall Delay (default=1.0e-9)" /><field131 name="Enter Input Load (default=1.0e-12)" /></u48><u10 name="type">d_inverter<field132 name="Enter Rise Delay (default=1.0e-9)" /><field133 name="Enter Fall Delay (default=1.0e-9)" /><field134 name="Enter Input Load (default=1.0e-12)" /></u10><u9 name="type">d_buffer<field135 name="Enter Rise Delay (default=1.0e-9)" /><field136 name="Enter Fall Delay (default=1.0e-9)" /><field137 name="Enter Input Load (default=1.0e-12)" /></u9><u16 name="type">d_inverter<field138 name="Enter Rise Delay (default=1.0e-9)" /><field139 name="Enter Fall Delay (default=1.0e-9)" /><field140 name="Enter Input Load (default=1.0e-12)" /></u16><u15 name="type">d_buffer<field141 name="Enter Rise Delay (default=1.0e-9)" /><field142 name="Enter Fall Delay (default=1.0e-9)" /><field143 name="Enter Input Load (default=1.0e-12)" /></u15><u19 name="type">d_inverter<field144 name="Enter Rise Delay (default=1.0e-9)" /><field145 name="Enter Fall Delay (default=1.0e-9)" /><field146 name="Enter Input Load (default=1.0e-12)" /></u19><u18 name="type">d_buffer<field147 name="Enter Rise Delay (default=1.0e-9)" /><field148 name="Enter Fall Delay (default=1.0e-9)" /><field149 name="Enter Input Load (default=1.0e-12)" /></u18><u24 name="type">d_inverter<field150 name="Enter Rise Delay (default=1.0e-9)" /><field151 name="Enter Fall Delay (default=1.0e-9)" /><field152 name="Enter Input Load (default=1.0e-12)" /></u24><u23 name="type">d_buffer<field153 name="Enter Rise Delay (default=1.0e-9)" /><field154 name="Enter Fall Delay (default=1.0e-9)" /><field155 name="Enter Input Load (default=1.0e-12)" /></u23><u28 name="type">d_inverter<field156 name="Enter Rise Delay (default=1.0e-9)" /><field157 name="Enter Fall Delay (default=1.0e-9)" /><field158 name="Enter Input Load (default=1.0e-12)" /></u28><u27 name="type">d_buffer<field159 name="Enter Rise Delay (default=1.0e-9)" /><field160 name="Enter Fall Delay (default=1.0e-9)" /><field161 name="Enter Input Load (default=1.0e-12)" /></u27><u32 name="type">d_inverter<field162 name="Enter Rise Delay (default=1.0e-9)" /><field163 name="Enter Fall Delay (default=1.0e-9)" /><field164 name="Enter Input Load (default=1.0e-12)" /></u32><u31 name="type">d_buffer<field165 name="Enter Rise Delay (default=1.0e-9)" /><field166 name="Enter Fall Delay (default=1.0e-9)" /><field167 name="Enter Input Load (default=1.0e-12)" /></u31><u35 name="type">d_inverter<field168 name="Enter Rise Delay (default=1.0e-9)" /><field169 name="Enter Fall Delay (default=1.0e-9)" /><field170 name="Enter Input Load (default=1.0e-12)" /></u35><u34 name="type">d_buffer<field171 name="Enter Rise Delay (default=1.0e-9)" /><field172 name="Enter Fall Delay (default=1.0e-9)" /><field173 name="Enter Input Load (default=1.0e-12)" /></u34><u38 name="type">d_inverter<field174 name="Enter Rise Delay (default=1.0e-9)" /><field175 name="Enter Fall Delay (default=1.0e-9)" /><field176 name="Enter Input Load (default=1.0e-12)" /></u38><u37 name="type">d_buffer<field177 name="Enter Rise Delay (default=1.0e-9)" /><field178 name="Enter Fall Delay (default=1.0e-9)" /><field179 name="Enter Input Load (default=1.0e-12)" /></u37><u42 name="type">d_inverter<field180 name="Enter Rise Delay (default=1.0e-9)" /><field181 name="Enter Fall Delay (default=1.0e-9)" /><field182 name="Enter Input Load (default=1.0e-12)" /></u42><u41 name="type">d_buffer<field183 name="Enter Rise Delay (default=1.0e-9)" /><field184 name="Enter Fall Delay (default=1.0e-9)" /><field185 name="Enter Input Load (default=1.0e-12)" /></u41><u45 name="type">d_inverter<field186 name="Enter Rise Delay (default=1.0e-9)" /><field187 name="Enter Fall Delay (default=1.0e-9)" /><field188 name="Enter Input Load (default=1.0e-12)" /></u45><u44 name="type">d_buffer<field189 name="Enter Rise Delay (default=1.0e-9)" /><field190 name="Enter Fall Delay (default=1.0e-9)" /><field191 name="Enter Input Load (default=1.0e-12)" /></u44><u54 name="type">d_buffer<field192 name="Enter Rise Delay (default=1.0e-9)" /><field193 name="Enter Fall Delay (default=1.0e-9)" /><field194 name="Enter Input Load (default=1.0e-12)" /></u54><u56 name="type">d_buffer<field195 name="Enter Rise Delay (default=1.0e-9)" /><field196 name="Enter Fall Delay (default=1.0e-9)" /><field197 name="Enter Input Load (default=1.0e-12)" /></u56><u55 name="type">d_buffer<field198 name="Enter Rise Delay (default=1.0e-9)" /><field199 name="Enter Fall Delay (default=1.0e-9)" /><field200 name="Enter Input Load (default=1.0e-12)" /></u55><u57 name="type">d_buffer<field201 name="Enter Rise Delay (default=1.0e-9)" /><field202 name="Enter Fall Delay (default=1.0e-9)" /><field203 name="Enter Input Load (default=1.0e-12)" /></u57><u58 name="type">d_buffer<field204 name="Enter Rise Delay (default=1.0e-9)" /><field205 name="Enter Fall Delay (default=1.0e-9)" /><field206 name="Enter Input Load (default=1.0e-12)" /></u58><u59 name="type">d_buffer<field204 name="Enter Rise Delay (default=1.0e-9)" /><field205 name="Enter Fall Delay (default=1.0e-9)" /><field206 name="Enter Input Load (default=1.0e-12)" /></u59><u60 name="type">d_inverter<field207 name="Enter Rise Delay (default=1.0e-9)" /><field208 name="Enter Fall Delay (default=1.0e-9)" /><field209 name="Enter Input Load (default=1.0e-12)" /></u60><u61 name="type">d_and<field213 name="Enter Rise Delay (default=1.0e-9)" /><field214 name="Enter Fall Delay (default=1.0e-9)" /><field215 name="Enter Input Load (default=1.0e-12)" /></u61></model><devicemodel /><subcircuit /><analysis><ac><field1 name="Lin">true</field1><field2 name="Dec">false</field2><field3 name="Oct">false</field3><field4 name="Start Frequency" /><field5 name="Stop Frequency" /><field6 name="No. of points" /><field7 name="Start Fre Combo">Hz</field7><field8 name="Stop Fre Combo">Hz</field8></ac><dc><field1 name="Source 1" /><field2 name="Start" /><field3 name="Increment" /><field4 name="Stop" /><field5 name="Operating Point">0</field5><field6 name="Start Combo">Volts or Amperes</field6><field7 name="Increment Combo">Volts or Amperes</field7><field8 name="Stop Combo">Volts or Amperes</field8><field9 name="Source 2" /><field10 name="Start" /><field11 name="Increment" /><field12 name="Stop" /><field13 name="Start Combo">Volts or Amperes</field13><field14 name="Increment Combo">Volts or Amperes</field14><field15 name="Stop Combo">Volts or Amperes</field15></dc><tran><field1 name="Start Time" /><field2 name="Step Time" /><field3 name="Stop Time" /><field4 name="Start Combo">sec</field4><field5 name="Step Combo">sec</field5><field6 name="Stop Combo">sec</field6></tran></analysis></KicadtoNgspice>