<KicadtoNgspice><source /><model /><devicemodel><m2><field>C:\FOSSEE\eSim\library\deviceModelLibrary\MOS\PMOS-5um.lib</field><field /><field /><field /></m2><m4><field>C:\FOSSEE\eSim\library\deviceModelLibrary\MOS\PMOS-5um.lib</field><field /><field /><field /></m4><m1><field>C:\FOSSEE\eSim\library\deviceModelLibrary\MOS\NMOS-5um.lib</field><field /><field /><field /></m1><m5><field>C:\FOSSEE\eSim\library\deviceModelLibrary\MOS\NMOS-5um.lib</field><field /><field /><field /></m5><m3><field>C:\FOSSEE\eSim\library\deviceModelLibrary\MOS\NMOS-5um.lib</field><field /><field /><field /></m3><m6><field>C:\FOSSEE\eSim\library\deviceModelLibrary\MOS\NMOS-5um.lib</field><field /><field /><field /></m6><m7><field>C:\FOSSEE\eSim\library\deviceModelLibrary\MOS\NMOS-5um.lib</field><field /><field /><field /></m7><m10><field>C:\FOSSEE\eSim\library\deviceModelLibrary\MOS\NMOS-5um.lib</field><field /><field /><field /></m10><m12><field>C:\FOSSEE\eSim\library\deviceModelLibrary\MOS\NMOS-5um.lib</field><field /><field /><field /></m12><m13><field>C:\FOSSEE\eSim\library\deviceModelLibrary\MOS\NMOS-5um.lib</field><field /><field /><field /></m13><m15><field>C:\FOSSEE\eSim\library\deviceModelLibrary\MOS\NMOS-5um.lib</field><field /><field /><field /></m15><m18><field>C:\FOSSEE\eSim\library\deviceModelLibrary\MOS\NMOS-5um.lib</field><field /><field /><field /></m18><m19><field>C:\FOSSEE\eSim\library\deviceModelLibrary\MOS\NMOS-5um.lib</field><field /><field /><field /></m19><m8><field>C:\FOSSEE\eSim\library\deviceModelLibrary\MOS\PMOS-5um.lib</field><field /><field /><field /></m8><m11><field>C:\FOSSEE\eSim\library\deviceModelLibrary\MOS\PMOS-5um.lib</field><field /><field /><field /></m11><m9><field>C:\FOSSEE\eSim\library\deviceModelLibrary\MOS\PMOS-5um.lib</field><field /><field /><field /></m9><m14><field>C:\FOSSEE\eSim\library\deviceModelLibrary\MOS\PMOS-5um.lib</field><field /><field /><field /></m14><m16><field>C:\FOSSEE\eSim\library\deviceModelLibrary\MOS\PMOS-5um.lib</field><field /><field /><field /></m16><m20><field>C:\FOSSEE\eSim\library\deviceModelLibrary\MOS\PMOS-5um.lib</field><field /><field /><field /></m20><m17><field>C:\FOSSEE\eSim\library\deviceModelLibrary\MOS\PMOS-5um.lib</field><field /><field /><field /></m17><d7><field>C:\FOSSEE\eSim\library\deviceModelLibrary\Diode\ZenerD1N750.lib</field></d7><d6><field>C:\FOSSEE\eSim\library\deviceModelLibrary\Diode\ZenerD1N750.lib</field></d6><d5><field>C:\FOSSEE\eSim\library\deviceModelLibrary\Diode\D.lib</field></d5><d3><field>C:\FOSSEE\eSim\library\deviceModelLibrary\Diode\D.lib</field></d3><d4><field>C:\FOSSEE\eSim\library\deviceModelLibrary\Diode\D.lib</field></d4><d1><field>C:\FOSSEE\eSim\library\deviceModelLibrary\Diode\D.lib</field></d1><d2><field>C:\FOSSEE\eSim\library\deviceModelLibrary\Diode\D.lib</field></d2></devicemodel><subcircuit /><analysis><ac><field1 name="Lin">true</field1><field2 name="Dec">false</field2><field3 name="Oct">false</field3><field4 name="Start Frequency" /><field5 name="Stop Frequency" /><field6 name="No. of points" /><field7 name="Start Fre Combo">Hz</field7><field8 name="Stop Fre Combo">Hz</field8></ac><dc><field1 name="Source 1" /><field2 name="Start" /><field3 name="Increment" /><field4 name="Stop" /><field5 name="Operating Point">0</field5><field6 name="Start Combo">Volts or Amperes</field6><field7 name="Increment Combo">Volts or Amperes</field7><field8 name="Stop Combo">Volts or Amperes</field8><field9 name="Source 2" /><field10 name="Start" /><field11 name="Increment" /><field12 name="Stop" /><field13 name="Start Combo">Volts or Amperes</field13><field14 name="Increment Combo">Volts or Amperes</field14><field15 name="Stop Combo">Volts or Amperes</field15></dc><tran><field1 name="Start Time" /><field2 name="Step Time" /><field3 name="Stop Time" /><field4 name="Start Combo">sec</field4><field5 name="Step Combo">sec</field5><field6 name="Stop Combo">sec</field6></tran></analysis></KicadtoNgspice>