<KicadtoNgspice><analysis><ac><field1 name="Lin">true</field1><field2 name="Dec">false</field2><field3 name="Oct">false</field3><field4 name="Start Frequency" /><field5 name="Stop Frequency" /><field6 name="No. of points" /><field7 name="Start Fre Combo">Hz</field7><field8 name="Stop Fre Combo">Hz</field8></ac><dc><field1 name="Source 1" /><field2 name="Start" /><field3 name="Increment" /><field4 name="Stop" /><field5 name="Operating Point">0</field5><field6 name="Start Combo">Volts or Amperes</field6><field7 name="Increment Combo">Volts or Amperes</field7><field8 name="Stop Combo">Volts or Amperes</field8><field9 name="Source 2" /><field10 name="Start" /><field11 name="Increment" /><field12 name="Stop" /><field13 name="Start Combo">Volts or Amperes</field13><field14 name="Increment Combo">Volts or Amperes</field14><field15 name="Stop Combo">Volts or Amperes</field15></dc><tran><field1 name="Start Time" /><field2 name="Step Time" /><field3 name="Stop Time" /><field4 name="Start Combo">sec</field4><field5 name="Step Combo">sec</field5><field6 name="Stop Combo">sec</field6></tran></analysis><source /><model /><devicemodel><m2><field>C:\FOSSEE\eSim\library\deviceModelLibrary\MOS\PMOS-5um.lib</field><field>40u</field><field>5u</field><field>8</field></m2><m1><field>C:\FOSSEE\eSim\library\deviceModelLibrary\MOS\NMOS-5um.lib</field><field>20u</field><field>5u</field><field>4</field></m1><m6><field>C:\FOSSEE\eSim\library\deviceModelLibrary\MOS\PMOS-5um.lib</field><field>40u</field><field>5u</field><field>8</field></m6><m5><field>C:\FOSSEE\eSim\library\deviceModelLibrary\MOS\NMOS-5um.lib</field><field>20u</field><field>5u</field><field>4</field></m5><m9><field>C:\FOSSEE\eSim\library\deviceModelLibrary\MOS\NMOS-5um.lib</field><field>20u</field><field>5u</field><field>4</field></m9><m12><field>C:\FOSSEE\eSim\library\deviceModelLibrary\MOS\PMOS-5um.lib</field><field>40u</field><field>5u</field><field>8</field></m12><m13><field>C:\FOSSEE\eSim\library\deviceModelLibrary\MOS\PMOS-5um.lib</field><field>40u</field><field>5u</field><field>8</field></m13><m11><field>C:\FOSSEE\eSim\library\deviceModelLibrary\MOS\NMOS-5um.lib</field><field>20u</field><field>5u</field><field>4</field></m11><m18><field>C:\FOSSEE\eSim\library\deviceModelLibrary\MOS\PMOS-5um.lib</field><field>40u</field><field>5u</field><field>8</field></m18><m17><field>C:\FOSSEE\eSim\library\deviceModelLibrary\MOS\NMOS-5um.lib</field><field>20u</field><field>5u</field><field>4</field></m17><m22><field>C:\FOSSEE\eSim\library\deviceModelLibrary\MOS\PMOS-5um.lib</field><field>40u</field><field>5u</field><field>8</field></m22><m21><field>C:\FOSSEE\eSim\library\deviceModelLibrary\MOS\NMOS-5um.lib</field><field>20u</field><field>5u</field><field>4</field></m21><m26><field>C:\FOSSEE\eSim\library\deviceModelLibrary\MOS\PMOS-5um.lib</field><field>40u</field><field>5u</field><field>8</field></m26><m25><field>C:\FOSSEE\eSim\library\deviceModelLibrary\MOS\NMOS-5um.lib</field><field>20u</field><field>5u</field><field>4</field></m25><m29><field>C:\FOSSEE\eSim\library\deviceModelLibrary\MOS\NMOS-5um.lib</field><field>20u</field><field>5u</field><field>4</field></m29><m32><field>C:\FOSSEE\eSim\library\deviceModelLibrary\MOS\PMOS-5um.lib</field><field>40u</field><field>5u</field><field>8</field></m32><m33><field>C:\FOSSEE\eSim\library\deviceModelLibrary\MOS\PMOS-5um.lib</field><field>40u</field><field>5u</field><field>8</field></m33><m31><field>C:\FOSSEE\eSim\library\deviceModelLibrary\MOS\NMOS-5um.lib</field><field>20u</field><field>5u</field><field>4</field></m31><m38><field>C:\FOSSEE\eSim\library\deviceModelLibrary\MOS\PMOS-5um.lib</field><field>40u</field><field>5u</field><field>8</field></m38><m37><field>C:\FOSSEE\eSim\library\deviceModelLibrary\MOS\NMOS-5um.lib</field><field>20u</field><field>5u</field><field>4</field></m37><m4><field>C:\FOSSEE\eSim\library\deviceModelLibrary\MOS\PMOS-5um.lib</field><field>40u</field><field>5u</field><field>8</field></m4><m3><field>C:\FOSSEE\eSim\library\deviceModelLibrary\MOS\NMOS-5um.lib</field><field>20u</field><field>5u</field><field>4</field></m3><m8><field>C:\FOSSEE\eSim\library\deviceModelLibrary\MOS\PMOS-5um.lib</field><field>20u</field><field>5u</field><field>4</field></m8><m7><field>C:\FOSSEE\eSim\library\deviceModelLibrary\MOS\NMOS-5um.lib</field><field>20u</field><field>5u</field><field>4</field></m7><m10><field>C:\FOSSEE\eSim\library\deviceModelLibrary\MOS\NMOS-5um.lib</field><field>20u</field><field>5u</field><field>4</field></m10><m15><field>C:\FOSSEE\eSim\library\deviceModelLibrary\MOS\PMOS-5um.lib</field><field>40u</field><field>5u</field><field>8</field></m15><m16><field>C:\FOSSEE\eSim\library\deviceModelLibrary\MOS\PMOS-5um.lib</field><field>40u</field><field>5u</field><field>8</field></m16><m14><field>C:\FOSSEE\eSim\library\deviceModelLibrary\MOS\NMOS-5um.lib</field><field>20u</field><field>5u</field><field>4</field></m14><m20><field>C:\FOSSEE\eSim\library\deviceModelLibrary\MOS\PMOS-5um.lib</field><field>40u</field><field>5u</field><field>8</field></m20><m19><field>C:\FOSSEE\eSim\library\deviceModelLibrary\MOS\NMOS-5um.lib</field><field>20u</field><field>5u</field><field>4</field></m19><m24><field>C:\FOSSEE\eSim\library\deviceModelLibrary\MOS\PMOS-5um.lib</field><field>40u</field><field>5u</field><field>8</field></m24><m23><field>C:\FOSSEE\eSim\library\deviceModelLibrary\MOS\NMOS-5um.lib</field><field>20u</field><field>5u</field><field>4</field></m23><m28><field>C:\FOSSEE\eSim\library\deviceModelLibrary\MOS\PMOS-5um.lib</field><field>40u</field><field>5u</field><field>8</field></m28><m27><field>C:\FOSSEE\eSim\library\deviceModelLibrary\MOS\NMOS-5um.lib</field><field>20u</field><field>5u</field><field>4</field></m27><m30><field>C:\FOSSEE\eSim\library\deviceModelLibrary\MOS\NMOS-5um.lib</field><field>20u</field><field>5u</field><field>4</field></m30><m35><field>C:\FOSSEE\eSim\library\deviceModelLibrary\MOS\PMOS-5um.lib</field><field>40u</field><field>5u</field><field>8</field></m35><m36><field>C:\FOSSEE\eSim\library\deviceModelLibrary\MOS\PMOS-5um.lib</field><field>40u</field><field>5u</field><field>8</field></m36><m34><field>C:\FOSSEE\eSim\library\deviceModelLibrary\MOS\NMOS-5um.lib</field><field>20u</field><field>5u</field><field>4</field></m34><m40><field>C:\FOSSEE\eSim\library\deviceModelLibrary\MOS\PMOS-5um.lib</field><field>40u</field><field>5u</field><field>8</field></m40><m39><field>C:\FOSSEE\eSim\library\deviceModelLibrary\MOS\NMOS-5um.lib</field><field>20u</field><field>5u</field><field>4</field></m39></devicemodel><subcircuit /></KicadtoNgspice>